<?xml version="1.0" encoding="utf-8"?>
<manifest>
  <control namespace="ModelDrivenGrid" constructor="ModelDrivenGrid" version="1.0.22"
    display-name-key="Model Driven Grid" description-key="Model Driven Grid" control-type="standard">

    <data-set name="records" display-name-key="Records_Dataset_Display"
      cds-data-set-options="displayCommandBar:true;displayViewSelector:true;displayQuickFind:true">
    </data-set>


     <!-- <property name="highlightValue" display-name-key="ThumbnailSizePixel_Disp"
      description-key="ThumbnailSizePixel_Desc" of-type="SingleLine.Text" usage="input" required="true" /> -->

    <resources>
      <code path="index.ts" order="1" />
      <!--<resx path="strings/ModelDrivenGrid.1033.resx" version="1.0.0" />  English -->
      <resx path="strings/ModelDrivenGrid.1031.resx" version="1.0.0" /> <!-- German -->
      <css path="css/ModelDrivenGrid.css" order="1" />
    </resources>
    
  </control>
</manifest>